{"_step":20,"loss":10.787447929382324,"tok_s":42238.856533397426,"lr":0.00010701472727195757,"gbs":151552,"ms_step":3587.975916918367,"_runtime":104.307284208,"_timestamp":1.7664151497775218e+09,"seq_len":512,"_wandb":{"runtime":104}}