{"_step":10,"ms_bwd":17963.969916557995,"gbs":64,"tok_s":1082.9439662242285,"_timestamp":1.766225042438455e+09,"ms_opt":692.765106447041,"_wandb":{"runtime":490},"lr":5e-06,"seq_len":512,"_runtime":490.676057625,"mps_mem_alloc_bytes":7.449845248e+09,"mps_mem_driver_bytes":1.8488819712e+10,"loss":11.14329719543457,"ppl":69099.11453607903,"ms_fwd":5200.08774566102,"ms_step":30258.259911866237}